{"cameraMode":{"drawMode":0,"name":"Shaded","section":"Shading Mode"},"sceneLighting":true,"audioPlay":false,"sceneViewState":{"showFog":true,"showMaterialUpdate":false,"showSkybox":true,"showFlares":true,"showImageEffects":true,"showParticleSystems":true,"showVisualEffectGraphs":true,"m_FxEnabled":true},"in2DMode":false,"pivot":{"x":-1.5671746730804444,"y":1.4223475456237794,"z":-3.1205642223358156},"rotation":{"x":-0.16826537251472474,"y":0.4370098412036896,"z":-0.08359608054161072,"w":-0.8796190619468689},"size":1.6610983610153199,"orthographic":false}